,Country,Code,Flag
0,Afghanistan,AF,https://raw.githubusercontent.com/dimitris1ps/country_flags/master/flags/flag-of-Afghanistan.png
1,Albania,AL,https://raw.githubusercontent.com/dimitris1ps/country_flags/master/flags/flag-of-Albania.png
2,Algeria,DZ,https://raw.githubusercontent.com/dimitris1ps/country_flags/master/flags/flag-of-Algeria.png
3,Andorra,AD,https://raw.githubusercontent.com/dimitris1ps/country_flags/master/flags/flag-of-Andorra.png
4,Angola,AO,https://raw.githubusercontent.com/dimitris1ps/country_flags/master/flags/flag-of-Angola.png
5,Antigua and Barbuda,AG,https://raw.githubusercontent.com/dimitris1ps/country_flags/master/flags/flag-of-Antigua.png
6,Argentina,AR,https://raw.githubusercontent.com/dimitris1ps/country_flags/master/flags/flag-of-Argentina.png
7,Armenia,AM,https://raw.githubusercontent.com/dimitris1ps/country_flags/master/flags/flag-of-Armenia.png
8,Australia,AU,https://raw.githubusercontent.com/dimitris1ps/country_flags/master/flags/flag-of-Australia.png
9,Austria,AT,https://raw.githubusercontent.com/dimitris1ps/country_flags/master/flags/flag-of-Austria.png
10,Azerbaijan,AZ,https://raw.githubusercontent.com/dimitris1ps/country_flags/master/flags/flag-of-Azerbaijan.png
11,Bahamas,BS,https://raw.githubusercontent.com/dimitris1ps/country_flags/master/flags/flag-of-Bahamas.png
12,Bahrain,BH,https://raw.githubusercontent.com/dimitris1ps/country_flags/master/flags/flag-of-Bahrain.png
13,Bangladesh,BD,https://raw.githubusercontent.com/dimitris1ps/country_flags/master/flags/flag-of-Bangladesh.png
14,Barbados,BB,https://raw.githubusercontent.com/dimitris1ps/country_flags/master/flags/flag-of-Barbados.png
15,Belarus,BY,https://raw.githubusercontent.com/dimitris1ps/country_flags/master/flags/flag-of-Belarus.png
16,Belgium,BE,https://raw.githubusercontent.com/dimitris1ps/country_flags/master/flags/flag-of-Belgium.png
17,Belize,BZ,https://raw.githubusercontent.com/dimitris1ps/country_flags/master/flags/flag-of-Belize.png
18,Benin,BJ,https://raw.githubusercontent.com/dimitris1ps/country_flags/master/flags/flag-of-Benin.png
19,Bhutan,BT,https://raw.githubusercontent.com/dimitris1ps/country_flags/master/flags/flag-of-Bhutan.png
20,Bolivia,BO,https://raw.githubusercontent.com/dimitris1ps/country_flags/master/flags/flag-of-Bolivia.png
21,Bosnia and Herzegovina,BA,https://raw.githubusercontent.com/dimitris1ps/country_flags/master/flags/flag-of-Bosnia-Herzegovina.png
22,Botswana,BW,https://raw.githubusercontent.com/dimitris1ps/country_flags/master/flags/flag-of-Botswana.png
23,Brazil,BR,https://raw.githubusercontent.com/dimitris1ps/country_flags/master/flags/flag-of-Brazil.png
24,Brunei,BN,https://raw.githubusercontent.com/dimitris1ps/country_flags/master/flags/flag-of-Brunei.png
25,Bulgaria,BG,https://raw.githubusercontent.com/dimitris1ps/country_flags/master/flags/flag-of-Bulgaria.png
26,Burkina Faso,BF,https://raw.githubusercontent.com/dimitris1ps/country_flags/master/flags/flag-of-Burkina-Faso.png
27,Burundi,BI,https://raw.githubusercontent.com/dimitris1ps/country_flags/master/flags/flag-of-Burundi.png
28,Cabo Verde,CV,https://raw.githubusercontent.com/dimitris1ps/country_flags/master/flags/flag-of-Cabo-Verde.png
29,Cambodia,KH,https://raw.githubusercontent.com/dimitris1ps/country_flags/master/flags/flag-of-Cambodia.png
30,Cameroon,CM,https://raw.githubusercontent.com/dimitris1ps/country_flags/master/flags/flag-of-Cameroon.png
31,Canada,CA,https://raw.githubusercontent.com/dimitris1ps/country_flags/master/flags/flag-of-Canada.png
32,Central African Republic,CF,https://raw.githubusercontent.com/dimitris1ps/country_flags/master/flags/flag-of-Central-African-Republic.png
33,Chad,TD,https://raw.githubusercontent.com/dimitris1ps/country_flags/master/flags/flag-of-Chad.png
34,Chile,CL,https://raw.githubusercontent.com/dimitris1ps/country_flags/master/flags/flag-of-Chile.png
35,China,CN,https://raw.githubusercontent.com/dimitris1ps/country_flags/master/flags/flag-of-China.png
36,Colombia,CO,https://raw.githubusercontent.com/dimitris1ps/country_flags/master/flags/flag-of-Colombia.png
37,Comoros,KM,https://raw.githubusercontent.com/dimitris1ps/country_flags/master/flags/flag-of-Comoros.png
38,"Congo, Democratic Republic of the",CD,https://raw.githubusercontent.com/dimitris1ps/country_flags/master/flags/flag-of-Congo-Democratic-Republic-of.png
39,"Congo, Republic of the",CG,https://raw.githubusercontent.com/dimitris1ps/country_flags/master/flags/flag-of-Congo.png
40,Costa Rica,CR,https://raw.githubusercontent.com/dimitris1ps/country_flags/master/flags/flag-of-Costa-Rica.png
41,Cote d'Ivoire,CI,https://raw.githubusercontent.com/dimitris1ps/country_flags/master/flags/flag-of-Cote-d-Ivoire.png
42,Croatia,HR,https://raw.githubusercontent.com/dimitris1ps/country_flags/master/flags/flag-of-Croatia.png
43,Cuba,CU,https://raw.githubusercontent.com/dimitris1ps/country_flags/master/flags/flag-of-Cuba.png
44,Cyprus,CY,https://raw.githubusercontent.com/dimitris1ps/country_flags/master/flags/flag-of-Cyprus.png
45,Czechia,CZ,https://raw.githubusercontent.com/dimitris1ps/country_flags/master/flags/flag-of-Czech-Republic.png
46,Denmark,DK,https://raw.githubusercontent.com/dimitris1ps/country_flags/master/flags/flag-of-Denmark.png
47,Djibouti,DJ,https://raw.githubusercontent.com/dimitris1ps/country_flags/master/flags/flag-of-Djibouti.png
48,Dominica,DM,https://raw.githubusercontent.com/dimitris1ps/country_flags/master/flags/flag-of-Dominica.png
49,Dominican Republic,DO,https://raw.githubusercontent.com/dimitris1ps/country_flags/master/flags/flag-of-Dominican-Republic.png
50,Ecuador,EC,https://raw.githubusercontent.com/dimitris1ps/country_flags/master/flags/flag-of-Ecuador.png
51,Egypt,EG,https://raw.githubusercontent.com/dimitris1ps/country_flags/master/flags/flag-of-Egypt.png
52,El Salvador,SV,https://raw.githubusercontent.com/dimitris1ps/country_flags/master/flags/flag-of-El-Salvador.png
53,Equatorial Guinea,GQ,https://raw.githubusercontent.com/dimitris1ps/country_flags/master/flags/flag-of-Equatorial-Guinea.png
54,Eritrea,ER,https://raw.githubusercontent.com/dimitris1ps/country_flags/master/flags/flag-of-Eritrea.png
55,Estonia,EE,https://raw.githubusercontent.com/dimitris1ps/country_flags/master/flags/flag-of-Estonia.png
56,Eswatini,SZ,https://raw.githubusercontent.com/dimitris1ps/country_flags/master/flags/flag-of-Eswatini.png
57,Ethiopia,ET,https://raw.githubusercontent.com/dimitris1ps/country_flags/master/flags/flag-of-Ethiopia.png
58,Fiji,FJ,https://raw.githubusercontent.com/dimitris1ps/country_flags/master/flags/flag-of-Fiji.png
59,Finland,FI,https://raw.githubusercontent.com/dimitris1ps/country_flags/master/flags/flag-of-Finland.png
60,France,FR,https://raw.githubusercontent.com/dimitris1ps/country_flags/master/flags/flag-of-France.png
61,Gabon,GA,https://raw.githubusercontent.com/dimitris1ps/country_flags/master/flags/flag-of-Gabon.png
62,Gambia,GM,https://raw.githubusercontent.com/dimitris1ps/country_flags/master/flags/flag-of-Gambia.png
63,Georgia,GE,https://raw.githubusercontent.com/dimitris1ps/country_flags/master/flags/flag-of-Georgia.png
64,Germany,DE,https://raw.githubusercontent.com/dimitris1ps/country_flags/master/flags/flag-of-Germany.png
65,Ghana,GH,https://raw.githubusercontent.com/dimitris1ps/country_flags/master/flags/flag-of-Ghana.png
66,Greece,GR,https://raw.githubusercontent.com/dimitris1ps/country_flags/master/flags/flag-of-Greece.png
67,Grenada,GD,https://raw.githubusercontent.com/dimitris1ps/country_flags/master/flags/flag-of-Grenada.png
68,Guatemala,GT,https://raw.githubusercontent.com/dimitris1ps/country_flags/master/flags/flag-of-Guatemala.png
69,Guinea,GN,https://raw.githubusercontent.com/dimitris1ps/country_flags/master/flags/flag-of-Guinea.png
70,Guinea-Bissau,GW,https://raw.githubusercontent.com/dimitris1ps/country_flags/master/flags/flag-of-Guinea-Bissau.png
71,Guyana,GY,https://raw.githubusercontent.com/dimitris1ps/country_flags/master/flags/flag-of-Guyana.png
72,Haiti,HT,https://raw.githubusercontent.com/dimitris1ps/country_flags/master/flags/flag-of-Haiti.png
73,Honduras,HN,https://raw.githubusercontent.com/dimitris1ps/country_flags/master/flags/flag-of-Honduras.png
74,Hungary,HU,https://raw.githubusercontent.com/dimitris1ps/country_flags/master/flags/flag-of-Hungary.png
75,Iceland,IS,https://raw.githubusercontent.com/dimitris1ps/country_flags/master/flags/flag-of-Iceland.png
76,India,IN,https://raw.githubusercontent.com/dimitris1ps/country_flags/master/flags/flag-of-India.png
77,Indonesia,ID,https://raw.githubusercontent.com/dimitris1ps/country_flags/master/flags/flag-of-Indonesia.png
78,Iran,IR,https://raw.githubusercontent.com/dimitris1ps/country_flags/master/flags/flag-of-Iran.png
79,Iraq,IQ,https://raw.githubusercontent.com/dimitris1ps/country_flags/master/flags/flag-of-Iraq.png
80,Ireland,IE,https://raw.githubusercontent.com/dimitris1ps/country_flags/master/flags/flag-of-Ireland.png
81,Israel,IL,https://raw.githubusercontent.com/dimitris1ps/country_flags/master/flags/flag-of-Israel.png
82,Italy,IT,https://raw.githubusercontent.com/dimitris1ps/country_flags/master/flags/flag-of-Italy.png
83,Jamaica,JM,https://raw.githubusercontent.com/dimitris1ps/country_flags/master/flags/flag-of-Jamaica.png
84,Japan,JP,https://raw.githubusercontent.com/dimitris1ps/country_flags/master/flags/flag-of-Japan.png
85,Jordan,JO,https://raw.githubusercontent.com/dimitris1ps/country_flags/master/flags/flag-of-Jordan.png
86,Kazakhstan,KZ,https://raw.githubusercontent.com/dimitris1ps/country_flags/master/flags/flag-of-Kazakhstan.png
87,Kenya,KE,https://raw.githubusercontent.com/dimitris1ps/country_flags/master/flags/flag-of-Kenya.png
88,Kiribati,KI,https://raw.githubusercontent.com/dimitris1ps/country_flags/master/flags/flag-of-Kiribati.png
89,Kosovo,XK,https://raw.githubusercontent.com/dimitris1ps/country_flags/master/flags/flag-of-Kosovo.png
90,Kuwait,KW,https://raw.githubusercontent.com/dimitris1ps/country_flags/master/flags/flag-of-Kuwait.png
91,Kyrgyzstan,KG,https://raw.githubusercontent.com/dimitris1ps/country_flags/master/flags/flag-of-Kyrgyzstan.png
92,Laos,LA,https://raw.githubusercontent.com/dimitris1ps/country_flags/master/flags/flag-of-Laos.png
93,Latvia,LV,https://raw.githubusercontent.com/dimitris1ps/country_flags/master/flags/flag-of-Latvia.png
94,Lebanon,LB,https://raw.githubusercontent.com/dimitris1ps/country_flags/master/flags/flag-of-Lebanon.png
95,Lesotho,LS,https://raw.githubusercontent.com/dimitris1ps/country_flags/master/flags/flag-of-Lesotho.png
96,Liberia,LR,https://raw.githubusercontent.com/dimitris1ps/country_flags/master/flags/flag-of-Liberia.png
97,Libya,LY,https://raw.githubusercontent.com/dimitris1ps/country_flags/master/flags/flag-of-Libya.png
98,Liechtenstein,LI,https://raw.githubusercontent.com/dimitris1ps/country_flags/master/flags/flag-of-Liechtenstein.png
99,Lithuania,LT,https://raw.githubusercontent.com/dimitris1ps/country_flags/master/flags/flag-of-Lithuania.png
100,Luxembourg,LU,https://raw.githubusercontent.com/dimitris1ps/country_flags/master/flags/flag-of-Luxembourg.png
101,Madagascar,MG,https://raw.githubusercontent.com/dimitris1ps/country_flags/master/flags/flag-of-Madagascar.png
102,Malawi,MW,https://raw.githubusercontent.com/dimitris1ps/country_flags/master/flags/flag-of-Malawi.png
103,Malaysia,MY,https://raw.githubusercontent.com/dimitris1ps/country_flags/master/flags/flag-of-Malaysia.png
104,Maldives,MV,https://raw.githubusercontent.com/dimitris1ps/country_flags/master/flags/flag-of-Maldives.png
105,Mali,ML,https://raw.githubusercontent.com/dimitris1ps/country_flags/master/flags/flag-of-Mali.png
106,Malta,MT,https://raw.githubusercontent.com/dimitris1ps/country_flags/master/flags/flag-of-Malta.png
107,Marshall Islands,MH,https://raw.githubusercontent.com/dimitris1ps/country_flags/master/flags/flag-of-Marshall-Islands.png
108,Mauritania,MR,https://raw.githubusercontent.com/dimitris1ps/country_flags/master/flags/flag-of-Mauritania.png
109,Mauritius,MU,https://raw.githubusercontent.com/dimitris1ps/country_flags/master/flags/flag-of-Mauritius.png
110,Mexico,MX,https://raw.githubusercontent.com/dimitris1ps/country_flags/master/flags/flag-of-Mexico.png
111,Micronesia,FM,https://raw.githubusercontent.com/dimitris1ps/country_flags/master/flags/flag-of-Micronesia.png
112,Moldova,MD,https://raw.githubusercontent.com/dimitris1ps/country_flags/master/flags/flag-of-Moldova.png
113,Monaco,MC,https://raw.githubusercontent.com/dimitris1ps/country_flags/master/flags/flag-of-Monaco.png
114,Mongolia,MN,https://raw.githubusercontent.com/dimitris1ps/country_flags/master/flags/flag-of-Mongolia.png
115,Montenegro,ME,https://raw.githubusercontent.com/dimitris1ps/country_flags/master/flags/flag-of-Montenegro.png
116,Morocco,MA,https://raw.githubusercontent.com/dimitris1ps/country_flags/master/flags/flag-of-Morocco.png
117,Mozambique,MZ,https://raw.githubusercontent.com/dimitris1ps/country_flags/master/flags/flag-of-Mozambique.png
118,Myanmar,MM,https://raw.githubusercontent.com/dimitris1ps/country_flags/master/flags/flag-of-Myanmar.png
119,Namibia,,https://raw.githubusercontent.com/dimitris1ps/country_flags/master/flags/flag-of-Namibia.png
120,Namibia,,https://raw.githubusercontent.com/dimitris1ps/country_flags/master/flags/flag-of-Namibia.png
121,Nauru,NR,https://raw.githubusercontent.com/dimitris1ps/country_flags/master/flags/flag-of-Nauru.png
122,Nepal,NP,https://raw.githubusercontent.com/dimitris1ps/country_flags/master/flags/flag-of-Nepal.png
123,Netherlands,NL,https://raw.githubusercontent.com/dimitris1ps/country_flags/master/flags/flag-of-Netherlands.png
124,New Zealand,NZ,https://raw.githubusercontent.com/dimitris1ps/country_flags/master/flags/flag-of-New-Zealand.png
125,Nicaragua,NI,https://raw.githubusercontent.com/dimitris1ps/country_flags/master/flags/flag-of-Nicaragua.png
126,Niger,NE,https://raw.githubusercontent.com/dimitris1ps/country_flags/master/flags/flag-of-Niger.png
127,Nigeria,NG,https://raw.githubusercontent.com/dimitris1ps/country_flags/master/flags/flag-of-Nigeria.png
128,North Korea,KP,https://raw.githubusercontent.com/dimitris1ps/country_flags/master/flags/flag-of-Korea-North.png
129,North Macedonia,MK,https://raw.githubusercontent.com/dimitris1ps/country_flags/master/flags/flag-of-North-Macedonia.png
130,Norway,NO,https://raw.githubusercontent.com/dimitris1ps/country_flags/master/flags/flag-of-Norway.png
131,Oman,OM,https://raw.githubusercontent.com/dimitris1ps/country_flags/master/flags/flag-of-Oman.png
132,Pakistan,PK,https://raw.githubusercontent.com/dimitris1ps/country_flags/master/flags/flag-of-Pakistan.png
133,Palau,PW,https://raw.githubusercontent.com/dimitris1ps/country_flags/master/flags/flag-of-Palau.png
134,Palestine,PS,https://raw.githubusercontent.com/dimitris1ps/country_flags/master/flags/flag-of-Palestine.png
135,Panama,PA,https://raw.githubusercontent.com/dimitris1ps/country_flags/master/flags/flag-of-Panama.png
136,Papua New Guinea,PG,https://raw.githubusercontent.com/dimitris1ps/country_flags/master/flags/flag-of-Papua-New-Guinea.png
137,Paraguay,PY,https://raw.githubusercontent.com/dimitris1ps/country_flags/master/flags/flag-of-Paraguay.png
138,Peru,PE,https://raw.githubusercontent.com/dimitris1ps/country_flags/master/flags/flag-of-Peru.png
139,Philippines,PH,https://raw.githubusercontent.com/dimitris1ps/country_flags/master/flags/flag-of-Philippines.png
140,Poland,PL,https://raw.githubusercontent.com/dimitris1ps/country_flags/master/flags/flag-of-Poland.png
141,Portugal,PT,https://raw.githubusercontent.com/dimitris1ps/country_flags/master/flags/flag-of-Portugal.png
142,Qatar,QA,https://raw.githubusercontent.com/dimitris1ps/country_flags/master/flags/flag-of-Qatar.png
143,Romania,RO,https://raw.githubusercontent.com/dimitris1ps/country_flags/master/flags/flag-of-Romania.png
144,Russia,RU,https://raw.githubusercontent.com/dimitris1ps/country_flags/master/flags/flag-of-Russia.png
145,Rwanda,RW,https://raw.githubusercontent.com/dimitris1ps/country_flags/master/flags/flag-of-Rwanda.png
146,Saint Kitts and Nevis,KN,https://raw.githubusercontent.com/dimitris1ps/country_flags/master/flags/flag-of-St-Kitts-Nevis.png
147,Saint Lucia,LC,https://raw.githubusercontent.com/dimitris1ps/country_flags/master/flags/flag-of-St-Lucia.png
148,Saint Vincent and the Grenadines,VC,https://raw.githubusercontent.com/dimitris1ps/country_flags/master/flags/flag-of-St-Vincent-the-Grenadines.png
149,Samoa,WS,https://raw.githubusercontent.com/dimitris1ps/country_flags/master/flags/flag-of-Samoa.png
150,San Marino,SM,https://raw.githubusercontent.com/dimitris1ps/country_flags/master/flags/flag-of-San-Marino.png
151,Sao Tome and Principe,ST,https://raw.githubusercontent.com/dimitris1ps/country_flags/master/flags/flag-of-Sao-Tome-and-Principe.png
152,Saudi Arabia,SA,https://raw.githubusercontent.com/dimitris1ps/country_flags/master/flags/flag-of-Saudi-Arabia.png
153,Senegal,SN,https://raw.githubusercontent.com/dimitris1ps/country_flags/master/flags/flag-of-Senegal.png
154,Serbia,RS,https://raw.githubusercontent.com/dimitris1ps/country_flags/master/flags/flag-of-Serbia.png
155,Seychelles,SC,https://raw.githubusercontent.com/dimitris1ps/country_flags/master/flags/flag-of-Seychelles.png
156,Sierra Leone,SL,https://raw.githubusercontent.com/dimitris1ps/country_flags/master/flags/flag-of-Sierra-Leone.png
157,Singapore,SG,https://raw.githubusercontent.com/dimitris1ps/country_flags/master/flags/flag-of-Singapore.png
158,Slovakia,SK,https://raw.githubusercontent.com/dimitris1ps/country_flags/master/flags/flag-of-Slovakia.png
159,Slovenia,SI,https://raw.githubusercontent.com/dimitris1ps/country_flags/master/flags/flag-of-Slovenia.png
160,Solomon Islands,SB,https://raw.githubusercontent.com/dimitris1ps/country_flags/master/flags/flag-of-Solomon-Islands.png
161,Somalia,SO,https://raw.githubusercontent.com/dimitris1ps/country_flags/master/flags/flag-of-Somalia.png
162,South Africa,ZA,https://raw.githubusercontent.com/dimitris1ps/country_flags/master/flags/flag-of-South-Africa.png
163,South Korea,KR,https://raw.githubusercontent.com/dimitris1ps/country_flags/master/flags/flag-of-Korea-South.png
164,South Sudan,SS,https://raw.githubusercontent.com/dimitris1ps/country_flags/master/flags/flag-of-South-Sudan.png
165,Spain,ES,https://raw.githubusercontent.com/dimitris1ps/country_flags/master/flags/flag-of-Spain.png
166,Sri Lanka,LK,https://raw.githubusercontent.com/dimitris1ps/country_flags/master/flags/flag-of-Sri-Lanka.png
167,Sudan,SD,https://raw.githubusercontent.com/dimitris1ps/country_flags/master/flags/flag-of-Sudan.png
168,Suriname,SR,https://raw.githubusercontent.com/dimitris1ps/country_flags/master/flags/flag-of-Suriname.png
169,Sweden,SE,https://raw.githubusercontent.com/dimitris1ps/country_flags/master/flags/flag-of-Sweden.png
170,Switzerland,CH,https://raw.githubusercontent.com/dimitris1ps/country_flags/master/flags/flag-of-Switzerland.png
171,Syria,SY,https://raw.githubusercontent.com/dimitris1ps/country_flags/master/flags/flag-of-Syria.png
172,Taiwan,TW,https://raw.githubusercontent.com/dimitris1ps/country_flags/master/flags/flag-of-Taiwan.png
173,Tajikistan,TJ,https://raw.githubusercontent.com/dimitris1ps/country_flags/master/flags/flag-of-Tajikistan.png
174,Tanzania,TZ,https://raw.githubusercontent.com/dimitris1ps/country_flags/master/flags/flag-of-Tanzania.png
175,Thailand,TH,https://raw.githubusercontent.com/dimitris1ps/country_flags/master/flags/flag-of-Thailand.png
176,Timor-Leste,TL,https://raw.githubusercontent.com/dimitris1ps/country_flags/master/flags/flag-of-Timor-Leste.png
177,Togo,TG,https://raw.githubusercontent.com/dimitris1ps/country_flags/master/flags/flag-of-Togo.png
178,Tonga,TO,https://raw.githubusercontent.com/dimitris1ps/country_flags/master/flags/flag-of-Tonga.png
179,Trinidad and Tobago,TT,https://raw.githubusercontent.com/dimitris1ps/country_flags/master/flags/flag-of-Trinidad-and-Tobago.png
180,Tunisia,TN,https://raw.githubusercontent.com/dimitris1ps/country_flags/master/flags/flag-of-Tunisia.png
181,Turkey,TR,https://raw.githubusercontent.com/dimitris1ps/country_flags/master/flags/flag-of-Turkey.png
182,Turkmenistan,TM,https://raw.githubusercontent.com/dimitris1ps/country_flags/master/flags/flag-of-Turkmenistan.png
183,Tuvalu,TV,https://raw.githubusercontent.com/dimitris1ps/country_flags/master/flags/flag-of-Tuvalu.png
184,Uganda,UG,https://raw.githubusercontent.com/dimitris1ps/country_flags/master/flags/flag-of-Uganda.png
185,Ukraine,UA,https://raw.githubusercontent.com/dimitris1ps/country_flags/master/flags/flag-of-Ukraine.png
186,United Arab Emirates,AE,https://raw.githubusercontent.com/dimitris1ps/country_flags/master/flags/flag-of-United-Arab-Emirates.png
187,United Kingdom,GB,https://raw.githubusercontent.com/dimitris1ps/country_flags/master/flags/flag-of-United-Kingdom.png
188,United States of America,US,https://raw.githubusercontent.com/dimitris1ps/country_flags/master/flags/flag-of-United-States-of-America.png
189,Uruguay,UY,https://raw.githubusercontent.com/dimitris1ps/country_flags/master/flags/flag-of-Uruguay.png
190,Uzbekistan,UZ,https://raw.githubusercontent.com/dimitris1ps/country_flags/master/flags/flag-of-Uzbekistan.png
191,Vanuatu,VU,https://raw.githubusercontent.com/dimitris1ps/country_flags/master/flags/flag-of-Vanuatu.png
192,Vatican City (Holy See),VA,https://raw.githubusercontent.com/dimitris1ps/country_flags/master/flags/flag-of-Vatican-City.png
193,Venezuela,VE,https://raw.githubusercontent.com/dimitris1ps/country_flags/master/flags/flag-of-Venezuela.png
194,Vietnam,VN,https://raw.githubusercontent.com/dimitris1ps/country_flags/master/flags/flag-of-Vietnam.png
195,Yemen,YE,https://raw.githubusercontent.com/dimitris1ps/country_flags/master/flags/flag-of-Yemen.png
196,Zambia,ZM,https://raw.githubusercontent.com/dimitris1ps/country_flags/master/flags/flag-of-Zambia.png
197,Zimbabwe,ZW,https://raw.githubusercontent.com/dimitris1ps/country_flags/master/flags/flag-of-Zimbabwe.png
